Repo,Release,Filename,SHA,Revision
en_tn,v13,en_tn_01-GEN.tsv,172ed8965beb8bb4f034669bf80a2304de3ac9ab,1
en_tn,v14,en_tn_01-GEN.tsv,ed8d669165ab3f422302af37d596017d899a2511,2
en_tn,v15,en_tn_01-GEN.tsv,d5b92046f49121aa92989ed788597787423f2713,3
en_tn,v17,en_tn_01-GEN.tsv,4f78a5ab1502bbf0dfb26e4478eaed8ef159bd47,4
en_tn,v18,en_tn_01-GEN.tsv,614ec809fd09d85cfffc9d515de5ce0391c97fa2,5
en_tn,v20,en_tn_01-GEN.tsv,a57d9c21cd893832659c07737acdaf49162d851c,6
en_tn,v22,en_tn_01-GEN.tsv,9d749338b312cd0a552fcd0fd38d4371b49d8055,7
en_tn,v27,en_tn_01-GEN.tsv,60d5e4aafe553b2b6099e973431dcbc02e1ac5f7,8
en_tn,v29,en_tn_01-GEN.tsv,52dbdb745cd91eecb9961616592c326581dc5147,9
en_tn,v46,en_tn_01-GEN.tsv,b28f3c1fda66c648a15f3bfe337d83c8322a87f5,10
en_tn,v13,en_tn_02-EXO.tsv,eab1086123c2237f6049bd886b895b11e8cdddaa,1
en_tn,v14,en_tn_02-EXO.tsv,e83d595f4cfcf6d6d602929d8a4f194b3ef1bdd2,2
en_tn,v15,en_tn_02-EXO.tsv,e49e0e278cc536f8f8eb107e449a420f65e3e5bc,3
en_tn,v17,en_tn_02-EXO.tsv,1cdf7ea5480dab2738e1b24011722f6781e37a7a,4
en_tn,v29,en_tn_02-EXO.tsv,4f04cc4896701464c090b0559cd4edc8ae725fb9,5
en_tn,v37,en_tn_02-EXO.tsv,9cfacff743548a3d5c802aa66fc0ba956656a0ca,6
en_tn,v38,en_tn_02-EXO.tsv,ea27faefcab27383bdeeda14751ee5399e60e517,7
en_tn,v40,en_tn_02-EXO.tsv,d8345913462c4bfce0e3964d8dbad6879e4d04e9,8
en_tn,v41,en_tn_02-EXO.tsv,d9654ab047045bc0db8bb064f575e693e9c091f0,9
en_tn,v45,en_tn_02-EXO.tsv,47878501c100adcbfbcd22f8bfc47b790acec207,10
en_tn,v46,en_tn_02-EXO.tsv,639b6c9c46fbf4848592bb2846ec2ba422b288eb,11
en_tn,v13,en_tn_03-LEV.tsv,ab93d4db19fdb5dd4743124993386bab83d333f0,1
en_tn,v14,en_tn_03-LEV.tsv,b99ed9c472ba23e640d169966ebcad81ebada3cd,2
en_tn,v17,en_tn_03-LEV.tsv,e07b1f35c04da0ed07f090f27c283bcf72488fbb,3
en_tn,v22,en_tn_03-LEV.tsv,f1a3b477b5dfcbf895a567033e0f88f07c8c6121,4
en_tn,v29,en_tn_03-LEV.tsv,39d856c861206fd9b53d34a2670a396124475339,5
en_tn,v13,en_tn_04-NUM.tsv,14e28b494ad1665ffc7c4f0d9459379ecad9e092,1
en_tn,v14,en_tn_04-NUM.tsv,600224586dafff744bb020db6f20779ac2e115f1,2
en_tn,v15,en_tn_04-NUM.tsv,3a8425b06ad9c7c956803e9554c5d6f16eedac74,3
en_tn,v17,en_tn_04-NUM.tsv,acd0d73669b3929e7313e8548db8ecd7ebb30428,4
en_tn,v22,en_tn_04-NUM.tsv,07f90b11a1fc2778351025eaa9a41f9cb4cc06f1,5
en_tn,v29,en_tn_04-NUM.tsv,dc603e89f8139c837d4daaed131af7f9baf8f457,6
en_tn,v13,en_tn_05-DEU.tsv,308eca2ab65c8bbbc7cdcadc88baec09dbc140f2,1
en_tn,v14,en_tn_05-DEU.tsv,182e7f6a92807a2943167cac748bb84b58923356,2
en_tn,v15,en_tn_05-DEU.tsv,7d2030d81e501e65e4df888d97ab507ab577773b,3
en_tn,v17,en_tn_05-DEU.tsv,b108fc8e4a44d5f04c5161c70a2c79cb9a1c85e7,4
en_tn,v29,en_tn_05-DEU.tsv,f0253229c0773295aab6bcd9c2cc0314133c6223,5
en_tn,v41,en_tn_05-DEU.tsv,e27023f917fe53f7e9958471c5968fd06687aa26,6
en_tn,v46,en_tn_05-DEU.tsv,8bfec0a31d4906b2c5736985a84b7756a28150ea,7
en_tn,v13,en_tn_06-JOS.tsv,0fcb6f6d07621691629d3029557ec78b90153f6a,1
en_tn,v14,en_tn_06-JOS.tsv,31815700adf8af36cac34a3f98512d95d8427743,2
en_tn,v17,en_tn_06-JOS.tsv,247a95cd4a3f1a18a2fd79c553f97992b319e6c2,3
en_tn,v18,en_tn_06-JOS.tsv,a84414e9d41912192a7cc629a21aef9dfaf5cef5,4
en_tn,v19,en_tn_06-JOS.tsv,f54f126d847437146e9085f602e044606d2f44e0,5
en_tn,v22,en_tn_06-JOS.tsv,2d4b2206feaad9df28b618cfb83fe6abf6c16f3d,6
en_tn,v29,en_tn_06-JOS.tsv,4048c61186f46795af3990a52126a3c0d077c917,7
en_tn,v13,en_tn_07-JDG.tsv,1e9fe1d12208dd8cc378ef152c944e15d3fb8580,1
en_tn,v14,en_tn_07-JDG.tsv,78b76aa654be5cf4f7b2638c0c80940f3274559c,2
en_tn,v15,en_tn_07-JDG.tsv,2880e307aa8edbb1360bfc8771dc6c657fa12fcb,3
en_tn,v17,en_tn_07-JDG.tsv,64083b405e749c6863fcc0e84f8d7c7c370f6992,4
en_tn,v27,en_tn_07-JDG.tsv,ea268a24b101098375fd3f20bb62943666034eec,5
en_tn,v29,en_tn_07-JDG.tsv,000045a2cf28d296c20d8a190116cdd2f3d3352d,6
en_tn,v41,en_tn_07-JDG.tsv,adc4b056db740b4e674768202960ed6372c0c557,7
en_tn,v13,en_tn_08-RUT.tsv,45889973b55be2ea0c7c6df2262fe3e34c887f7e,1
en_tn,v14,en_tn_08-RUT.tsv,a6c614c962509f105b00c53b894865bd25f8de3d,2
en_tn,v15,en_tn_08-RUT.tsv,424afb9eefd96a371f4ab64bb280520987237528,3
en_tn,v17,en_tn_08-RUT.tsv,2df16371b036e92b2b2aa515bab4a9148582cae2,4
en_tn,v18,en_tn_08-RUT.tsv,e8558cf3e9b80c2fab88212edc917f4ff9cc067f,5
en_tn,v19,en_tn_08-RUT.tsv,3f8ca69dedbe6857c24a92d4213b5c02996b5834,6
en_tn,v20,en_tn_08-RUT.tsv,77629de2a89d1cf393c895d48d9198aaa095cf71,7
en_tn,v22,en_tn_08-RUT.tsv,40a556b4c8557b3d0abd04889af93896a2e879e2,8
en_tn,v23,en_tn_08-RUT.tsv,79bc845041bdcf069bfe92f14dc777b04bae2103,9
en_tn,v24,en_tn_08-RUT.tsv,b80953a621d299e897b34f3a4ce551e1a518c911,10
en_tn,v25,en_tn_08-RUT.tsv,ea3fc462ced24b679694aeac1f16b6936205bd44,11
en_tn,v26,en_tn_08-RUT.tsv,0fe55563c2e307ddb84af56e5399f936002131a3,12
en_tn,v27,en_tn_08-RUT.tsv,a3765159b9fdb9d8b989fc681030dc6c4ab8bf9b,13
en_tn,v29,en_tn_08-RUT.tsv,f9848d6d643b587d40f37b176f689936418eecd0,14
en_tn,v31,en_tn_08-RUT.tsv,05a18bb47a61ea62aef331576aabd26853231632,15
en_tn,v33,en_tn_08-RUT.tsv,54698c491b29730c14ba6ac86017e06b816cc8e3,16
en_tn,v35,en_tn_08-RUT.tsv,3c8f9dce34886de8efaf1164dc282bab449f17ec,17
en_tn,v37,en_tn_08-RUT.tsv,5a4d2f60f52b02385b0c4000b92d2a5b78714dde,18
en_tn,v38,en_tn_08-RUT.tsv,fc7394a97a2fe9896473a23df695dc854bc65f3e,19
en_tn,v46,en_tn_08-RUT.tsv,825158fa249f8e45ace10b81cc656970c3712b8d,20
en_tn,v13,en_tn_09-1SA.tsv,190fd24785d2b42d1367abae966109b0341e7042,1
en_tn,v14,en_tn_09-1SA.tsv,8591ed521ed1267c4fdb976b2c353b3e6e155410,2
en_tn,v17,en_tn_09-1SA.tsv,8c6aa47d06d6013ab867f59a7ca5d3a638aefcf5,3
en_tn,v20,en_tn_09-1SA.tsv,607504337a4e9a5d4d620b2d76ea705993733ace,4
en_tn,v29,en_tn_09-1SA.tsv,91dbda9de062e55867ae081d883a3ec787136e9a,5
en_tn,v41,en_tn_09-1SA.tsv,809b60c8352c990999204d3de334baad9fa56a7a,6
en_tn,v46,en_tn_09-1SA.tsv,a2054832eaa8a3c101de7b72a229fe5efc280c0a,7
en_tn,v13,en_tn_10-2SA.tsv,e0d9ee23efa73c9fdddadc417955dccc4ca488d6,1
en_tn,v14,en_tn_10-2SA.tsv,81a784723fd94997011291d0d71256cef0a349d9,2
en_tn,v15,en_tn_10-2SA.tsv,2a1e9f59440fee768b50d6bad9f729dcb52f71be,3
en_tn,v17,en_tn_10-2SA.tsv,e6971db73d96c272cfc9a766cee736bca0ccf078,4
en_tn,v29,en_tn_10-2SA.tsv,d5b64e8490020da7329eb699ca047e0205f5f6f1,5
en_tn,v41,en_tn_10-2SA.tsv,4a1f3e23d0538798a9f0f0d0dd8261fb08d7af97,6
en_tn,v13,en_tn_11-1KI.tsv,4605e40d12bbcc16086dd14218d6d5ec40a3b90d,1
en_tn,v14,en_tn_11-1KI.tsv,8e9997710a7739c231e389191112443228683a30,2
en_tn,v15,en_tn_11-1KI.tsv,e451fb5aa345b2676a5d43a4f33b4feb6dc31beb,3
en_tn,v17,en_tn_11-1KI.tsv,6a6c88787e74bb4e71557d08cb5665013e9cf3b5,4
en_tn,v29,en_tn_11-1KI.tsv,111cd980e34254269a92c0ebc84837c62064e2ff,5
en_tn,v46,en_tn_11-1KI.tsv,af7f24d70815533448f597b91d43eec0ad7d4d5b,6
en_tn,v13,en_tn_12-2KI.tsv,1a565b6d224ad3d2f57a7b93973536aaa7eaac17,1
en_tn,v14,en_tn_12-2KI.tsv,df31975838af1cb443ea8bf96aad4a5d4fd6f811,2
en_tn,v15,en_tn_12-2KI.tsv,2ccc260c0c8538b0b6bf837b52353f381692e0cf,3
en_tn,v17,en_tn_12-2KI.tsv,3df9c4a3738ac662e64ba709b23717d71c395878,4
en_tn,v29,en_tn_12-2KI.tsv,6dc814a81e1d7e5f8ed31ad5512189745360cf7d,5
en_tn,v13,en_tn_13-1CH.tsv,44220a347156a37cea8920ac9e2bd1c5d2fba0cb,1
en_tn,v14,en_tn_13-1CH.tsv,8c1593bf14af4ac0d8f26eb07a900cde6ae5d8d4,2
en_tn,v17,en_tn_13-1CH.tsv,3c4ce980832e860096481b9a79cf34da1d9046f9,3
en_tn,v29,en_tn_13-1CH.tsv,fec5355d86240316f18f6e254fa29ca0f8e1479e,4
en_tn,v13,en_tn_14-2CH.tsv,9cb80c15f8342e3eae5b2d64a3fb3b358a085b95,1
en_tn,v14,en_tn_14-2CH.tsv,032d01a38ba4186a5d78bcd01c2741b99a5b185f,2
en_tn,v17,en_tn_14-2CH.tsv,525db52802a105433325d69f162328bbb0584e58,3
en_tn,v20,en_tn_14-2CH.tsv,4acd5236630bf8e67925f714ca6e1c8de99e0a4e,4
en_tn,v27,en_tn_14-2CH.tsv,15c571d1ccb782a5396a0198604b80eaf5c6a5fd,5
en_tn,v29,en_tn_14-2CH.tsv,1dcacb06580f83a42e34ef3608fd69a37280704c,6
en_tn,v13,en_tn_15-EZR.tsv,9de7b0e441b3cc0b3098cbd078e39664212ed9ff,1
en_tn,v14,en_tn_15-EZR.tsv,4d3cba49ad9d4e232996ba404bf5b66ac75f58b6,2
en_tn,v16,en_tn_15-EZR.tsv,67eb3163127bf4ca651f48c88251dd3ffb44423d,3
en_tn,v17,en_tn_15-EZR.tsv,0d5303a7dd97bd7ae0394767aebd5c2d1983f9e1,4
en_tn,v22,en_tn_15-EZR.tsv,4dceb1c1dce44b33f21a62be801c267e302d6e71,5
en_tn,v29,en_tn_15-EZR.tsv,5136555ed4dc8fe3e98ae58bb0a53463fc2e7581,6
en_tn,v33,en_tn_15-EZR.tsv,5c596a1da041294fa22e2876473f159a70b7c82e,7
en_tn,v34,en_tn_15-EZR.tsv,48df7f04cfcb1831f8a80516ac95c95308323b4c,8
en_tn,v40,en_tn_15-EZR.tsv,f3e9a85200fc4896b87454e7e5c0e16501804d93,9
en_tn,v41,en_tn_15-EZR.tsv,51b9bc16715d59c0817273b2470f73e9e9b90143,10
en_tn,v42,en_tn_15-EZR.tsv,04bba11d47d4cc9168ebb869a1ff7a0036897730,11
en_tn,v43,en_tn_15-EZR.tsv,b77753350a3fc67f3c310053e24d9d2185d1e58b,12
en_tn,v44,en_tn_15-EZR.tsv,ce248d22de12e6da8a418874a4ab034ec1e4ed5b,13
en_tn,v45,en_tn_15-EZR.tsv,fb26077189b5914536b3861cb4541da8c11dff4e,14
en_tn,v13,en_tn_16-NEH.tsv,009f146ed9663b53cdd19da9d1d3c80249f84389,1
en_tn,v14,en_tn_16-NEH.tsv,8c30b0b45dc9b3bd83f5347a719ecc114e00ff2d,2
en_tn,v17,en_tn_16-NEH.tsv,997ee8f1d5adaab4313ad45663d2e53432925b36,3
en_tn,v18,en_tn_16-NEH.tsv,ed56c60bf735e8cb9c9233141c4bcdaf9638179a,4
en_tn,v22,en_tn_16-NEH.tsv,1c41e0ca493faf5bb21798418dac40c44a110a81,5
en_tn,v29,en_tn_16-NEH.tsv,5a19323379e8ddc6d73b1c976d3c943b72e00ba1,6
en_tn,v33,en_tn_16-NEH.tsv,3cecac66abdbed5eaa39a534f115b67cff9bb3a7,7
en_tn,v34,en_tn_16-NEH.tsv,9e4c316f5a88075fe483b3afacacb726cbeb7506,8
en_tn,v35,en_tn_16-NEH.tsv,c37d48546499363ff8dc1e8bf9665d0a6c1bd294,9
en_tn,v37,en_tn_16-NEH.tsv,2c10ef01484c17a50ef50c18e00394ccbe4a09b2,10
en_tn,v38,en_tn_16-NEH.tsv,8fa21bf8629e935ff1309fe9ec129e5549225e87,11
en_tn,v40,en_tn_16-NEH.tsv,7a770a37a7edb30aa5a1f86d879965312e92133a,12
en_tn,v45,en_tn_16-NEH.tsv,ba7592fcfbf9cd66ef1a006b26ec6b579511ff8b,13
en_tn,v46,en_tn_16-NEH.tsv,700b19d19c23f4ae16e9e27d05870beb173da2e5,14
en_tn,v13,en_tn_17-EST.tsv,b11a0402bd74796b26cd5c6a772e93243bfad4fc,1
en_tn,v14,en_tn_17-EST.tsv,3187561301c67fe656c54198e1610ec4c5d0ffcc,2
en_tn,v15,en_tn_17-EST.tsv,0e307d66c799a07af49a80c3bc5be1597f78f284,3
en_tn,v17,en_tn_17-EST.tsv,4640671f7982e866a1b892697bdb4f081d8c70c7,4
en_tn,v29,en_tn_17-EST.tsv,12380cddc310537eac009ff94553edee0005c0ad,5
en_tn,v30,en_tn_17-EST.tsv,2760376cbce2597ce8c315f25b71376147a59f8b,6
en_tn,v31,en_tn_17-EST.tsv,9bc0a152e295de3c0169e6bb0a12bff8bdc40dcd,7
en_tn,v32,en_tn_17-EST.tsv,ed8011b2046b217d4718e8be030208f1d81ded89,8
en_tn,v34,en_tn_17-EST.tsv,f992c4a4ae5feba638a6b71a5ac842c44e1ad8df,9
en_tn,v35,en_tn_17-EST.tsv,31e6eb9cf11382e151e2665af23cfed609d8f5d2,10
en_tn,v36,en_tn_17-EST.tsv,b21d0837cdda76162ec06b60fec6388639fbdd80,11
en_tn,v38,en_tn_17-EST.tsv,cbd776c29e1e53b8ab0dd594d1eb5f4e265d40b2,12
en_tn,v41,en_tn_17-EST.tsv,804040789a685daa69789738919af785ae3cf489,13
en_tn,v46,en_tn_17-EST.tsv,f32472274e6816f4d09627233a6e8773dac85ace,14
en_tn,v13,en_tn_18-JOB.tsv,a8581d251fe68faf01ac969a3e3ef8453eb47ea9,1
en_tn,v14,en_tn_18-JOB.tsv,f34412c7fb4b3d6d34e0764536a2293ffefcea8c,2
en_tn,v15,en_tn_18-JOB.tsv,355b2046692a142cc01c2d75affcbfcf3524050e,3
en_tn,v17,en_tn_18-JOB.tsv,1754c3cc9fda9de427d661863a6833fc2e31c929,4
en_tn,v20,en_tn_18-JOB.tsv,99a1610443bc5e5d1e2a128927c46e466d6aa1c4,5
en_tn,v22,en_tn_18-JOB.tsv,febb737bbe8b077258e1e762d6bb7eaf35b2e11d,6
en_tn,v29,en_tn_18-JOB.tsv,d21ff6062adc311a10367cecb1943b7ee280b366,7
en_tn,v46,en_tn_18-JOB.tsv,7f492ffe8f9b1dfd4ec612ea288f33d56aea1bf7,8
en_tn,v13,en_tn_19-PSA.tsv,f529285f4c2264c0302a790567bbfecf9b6d322f,1
en_tn,v14,en_tn_19-PSA.tsv,31b7cc1a2f32aa2cd398dbae656979d4d22ca890,2
en_tn,v15,en_tn_19-PSA.tsv,4e4d17c35f7ca23f77e9cc9e0846e0402ea3e96a,3
en_tn,v17,en_tn_19-PSA.tsv,188905124cb376cae336ff8c43c24b9b0701e067,4
en_tn,v20,en_tn_19-PSA.tsv,90b41933dc69371d02cd04224a23a3fe8dbefb29,5
en_tn,v22,en_tn_19-PSA.tsv,7b02ba3d16731b0cce79968987eb44f0c63c376c,6
en_tn,v29,en_tn_19-PSA.tsv,65f2c577129b0d383fdd1b471b5d46da42ef8587,7
en_tn,v46,en_tn_19-PSA.tsv,5f6298ac7bc10aecccf1245850997bbfb660f61a,8
en_tn,v13,en_tn_20-PRO.tsv,422e292dfc030547e83240f08e9dfb7a195e7fa4,1
en_tn,v14,en_tn_20-PRO.tsv,e8fa800b7d9203acbd3caaab68ba846ff0f3935a,2
en_tn,v17,en_tn_20-PRO.tsv,8b4e127cb7a86b6afe9a24c9235c5c44db7363bb,3
en_tn,v20,en_tn_20-PRO.tsv,740cba5a177b5768635be0a5dc91046fc4019955,4
en_tn,v29,en_tn_20-PRO.tsv,5731360b81e143964e27382d93145443ad3a3acf,5
en_tn,v46,en_tn_20-PRO.tsv,dd632922b1d47db767df103a6d4a422cb027951a,6
en_tn,v13,en_tn_21-ECC.tsv,7d81b8243feab44b48ae299cee08dc6bc241fe1c,1
en_tn,v14,en_tn_21-ECC.tsv,e71c182681896ec5eb30b5bf07a7178dfe513219,2
en_tn,v15,en_tn_21-ECC.tsv,044e367f26953f97d016949f5aaaeb2f058bc722,3
en_tn,v17,en_tn_21-ECC.tsv,cc36e2e909e646b1dea114323a0a19c5d2537c28,4
en_tn,v29,en_tn_21-ECC.tsv,49ffbe98f815093bc2aa5af3d9a8bbf15e3c5d41,5
en_tn,v13,en_tn_22-SNG.tsv,a47ff7d0c2c42c589e826a44472f65f18547a61a,1
en_tn,v14,en_tn_22-SNG.tsv,f201aece7616aaeaa2b0e043324fecc840e95490,2
en_tn,v15,en_tn_22-SNG.tsv,856167458842be85b4be9ae693e0ff6aa10e0ecb,3
en_tn,v17,en_tn_22-SNG.tsv,155cd5b3c532d3205bbe9f967aa7d1abf6c608f6,4
en_tn,v22,en_tn_22-SNG.tsv,b21a4c9177cca7a983c84f50f58c842f0746263b,5
en_tn,v29,en_tn_22-SNG.tsv,b003da8c7104ad46055d8622f3a794c17a113bbc,6
en_tn,v46,en_tn_22-SNG.tsv,c15743cefb667711928d38ad65bb839de50c69f7,7
en_tn,v13,en_tn_23-ISA.tsv,e0796a14bf538814fae794010c8909cfe0b9ec58,1
en_tn,v14,en_tn_23-ISA.tsv,783e06d3178ae2a42ab2794ebfb5f1b909d618f6,2
en_tn,v15,en_tn_23-ISA.tsv,c03018bda01eb9487e6917802992ad4b4aae34cd,3
en_tn,v17,en_tn_23-ISA.tsv,3ba1de04089d1473a594f0904a8aae2020e29466,4
en_tn,v29,en_tn_23-ISA.tsv,b3743fde004232ae782f0edd712a0a7e5e5e2d29,5
en_tn,v41,en_tn_23-ISA.tsv,7dc2e8077726f52e240f354efa1f3a0d88b8c59c,6
en_tn,v46,en_tn_23-ISA.tsv,b5e66e660d78a399773eaafa2458f9fa521adae8,7
en_tn,v13,en_tn_24-JER.tsv,04a85af20d9030013a0ff8485cce48de58631f9b,1
en_tn,v14,en_tn_24-JER.tsv,dc56c24695a6a8f5fcea9748325b34413c748527,2
en_tn,v15,en_tn_24-JER.tsv,578905d2fa0524137a77eb9d2199669f5064edd9,3
en_tn,v17,en_tn_24-JER.tsv,953705217f9a4023324a056cdce499b7d79bdae6,4
en_tn,v22,en_tn_24-JER.tsv,a661c48b965b13e167315e9a7e22059fe7478f06,5
en_tn,v27,en_tn_24-JER.tsv,5f309971df45ad1efec94a64e37e767f14791978,6
en_tn,v29,en_tn_24-JER.tsv,80a6fa6b93fad54120bfd1e4a5c7544b660c3b91,7
en_tn,v13,en_tn_25-LAM.tsv,a660cd41176037331756e54e28dcf60fc9d95f94,1
en_tn,v14,en_tn_25-LAM.tsv,62c9789d7edfc275c5df44e91835a00dacf2d3ae,2
en_tn,v17,en_tn_25-LAM.tsv,a7cb3febdcaac8f3a77766c456c7657bd5019ba2,3
en_tn,v29,en_tn_25-LAM.tsv,2234b166e7936419027b4f940fdd56bf155687c7,4
en_tn,v13,en_tn_26-EZK.tsv,1e652151439dfe962f98a4e68cefca50637afc57,1
en_tn,v14,en_tn_26-EZK.tsv,68e98d76ed0c109f281932309c3687e6f526e5d5,2
en_tn,v15,en_tn_26-EZK.tsv,cad53bb9a1162fdbf39923f77d403496b3e5c78f,3
en_tn,v17,en_tn_26-EZK.tsv,f4fabd883784d8af5cf745ae3748f96a434419d8,4
en_tn,v29,en_tn_26-EZK.tsv,cae8ed9d8700f13a3a6d7f944e2e88e9620c0273,5
en_tn,v46,en_tn_26-EZK.tsv,53dcdbf9094d8ca55db6a8bd612cc3ba668c717f,6
en_tn,v13,en_tn_27-DAN.tsv,4556be0c03474374d71d21faf321f619f698bd9e,1
en_tn,v14,en_tn_27-DAN.tsv,5418a6a75cba2d4423462d38922f0cd5ef898031,2
en_tn,v15,en_tn_27-DAN.tsv,28f8982d7dceda4dc5946d7eb38c728ee79c9ce9,3
en_tn,v17,en_tn_27-DAN.tsv,19b4e74cfb7d9e576f920e37cb58b39ba39b8c2c,4
en_tn,v29,en_tn_27-DAN.tsv,f07272d2eb9b05c4e7c427718ad6b5f9437dba54,5
en_tn,v13,en_tn_28-HOS.tsv,9c526100672eef7a1909c687b7e164de698c8370,1
en_tn,v14,en_tn_28-HOS.tsv,27b42460a26d475a1bfb15e2c550b1189f329fdc,2
en_tn,v17,en_tn_28-HOS.tsv,e474e5faecbd4130bd68d332e6c27054628e3a28,3
en_tn,v29,en_tn_28-HOS.tsv,c84ab214f3376abf263e693cc52582d3ca638f11,4
en_tn,v13,en_tn_29-JOL.tsv,0a2091b1b65b0ea1fc05fad1d8e037b4167d6c36,1
en_tn,v14,en_tn_29-JOL.tsv,58edc99a29f93b9574c467900f8003c448d4398d,2
en_tn,v17,en_tn_29-JOL.tsv,cbfa7d046fd224a306e8c8227ed88d3627e3ad6f,3
en_tn,v18,en_tn_29-JOL.tsv,ac56549e89eeae7dc3ef67e03994c4d54fb6fe8c,4
en_tn,v22,en_tn_29-JOL.tsv,c61dcb2e3833b89dddaed25be65d479309c15b2b,5
en_tn,v29,en_tn_29-JOL.tsv,9c943f534df04ff3a9c5123b9c8be4bb026ec963,6
en_tn,v31,en_tn_29-JOL.tsv,80c4ef75b2df4b65dbbb5e430e7bd7085a8f1b0c,7
en_tn,v13,en_tn_30-AMO.tsv,e38ce0ec40edbc8e2db846cecc6f82a92472618c,1
en_tn,v14,en_tn_30-AMO.tsv,16adc281984fa61c80c8ea7571db5936600f015a,2
en_tn,v17,en_tn_30-AMO.tsv,ad564e18b4d24cab83cc508966ab5c7a87978b7d,3
en_tn,v29,en_tn_30-AMO.tsv,4c192b61fecbf3253cac7425dc2de0b4e79c9e53,4
en_tn,v13,en_tn_31-OBA.tsv,5b6957bb4a738e992af172c2fdc4a301e7f7932f,1
en_tn,v14,en_tn_31-OBA.tsv,ed125a4b9e28fa3d9b0135f4f30eaef5f25d7601,2
en_tn,v17,en_tn_31-OBA.tsv,12c339ea3d2fabdfae02ba16ea051ae78e22d404,3
en_tn,v18,en_tn_31-OBA.tsv,bc88b02364e27d3e9b315de17a04d1da5cbc4a00,4
en_tn,v22,en_tn_31-OBA.tsv,30896f31553ca572bd7eadb1a6fa297c60e3048d,5
en_tn,v29,en_tn_31-OBA.tsv,0f85fbb895fb0869e2cec03f964b2946c08e8170,6
en_tn,v31,en_tn_31-OBA.tsv,fac8f7e4c8a5d16965d10c819e168454396e4852,7
en_tn,v33,en_tn_31-OBA.tsv,3007f5411708f4a59e79882b47f4ff480c34c155,8
en_tn,v36,en_tn_31-OBA.tsv,e89ef3481b3a2a9446834822b5738776835953d8,9
en_tn,v37,en_tn_31-OBA.tsv,9d2f1734e2619fecba3d5cbb37ee5cba7e5eb8ff,10
en_tn,v38,en_tn_31-OBA.tsv,6aa87c8c88009a9196e26f0fbb4ae1a1bf3995bc,11
en_tn,v45,en_tn_31-OBA.tsv,009631fb8b4e1081c095a96404a6db8cdfb0635d,12
en_tn,v46,en_tn_31-OBA.tsv,4df425876e3fe83591990ecc98dbe31d43a46c3b,13
en_tn,v13,en_tn_32-JON.tsv,97601c13556f26909d72f848ab32401dcee89449,1
en_tn,v14,en_tn_32-JON.tsv,44b2413d86eec30abf2700b08124df04093e2108,2
en_tn,v16,en_tn_32-JON.tsv,db2cc412712d7ac2d97ef45c3113baaa3713e02f,3
en_tn,v17,en_tn_32-JON.tsv,36e722e7762af4d1e2bcbe738b4e3a2cae1d72a2,4
en_tn,v18,en_tn_32-JON.tsv,cae92b3050c6865163e8a181aa1dcdcb4ab4ece7,5
en_tn,v19,en_tn_32-JON.tsv,e6f8005977b5a92cc12571c4767a5b518f53fbbb,6
en_tn,v21,en_tn_32-JON.tsv,40fe395f6d53a0bb8136cdc040294b1fc39a2834,7
en_tn,v22,en_tn_32-JON.tsv,8fed577f3edfdc1c2c9527c6be57c6bf3fb33390,8
en_tn,v27,en_tn_32-JON.tsv,28c1982953e6c1a848587f58cf982da3d80b9afb,9
en_tn,v28,en_tn_32-JON.tsv,1e9b4456a3be6e780dc382187baf6188c812843b,10
en_tn,v29,en_tn_32-JON.tsv,1ac052c4f213a400490fafb3958f040feca07f86,11
en_tn,v31,en_tn_32-JON.tsv,03b4bd6f46f57d665f5305e28786c6e3ae48443a,12
en_tn,v35,en_tn_32-JON.tsv,b340ccd3ea164c240b56dce04f9dda7f25373f22,13
en_tn,v37,en_tn_32-JON.tsv,f6cebda6c625e4e9d91182bc15e99afb4840899f,14
en_tn,v39,en_tn_32-JON.tsv,ac470bd0787fe3138158b6b308f44fa17df0ec78,15
en_tn,v40,en_tn_32-JON.tsv,d1eeed26a82b9d1b7f5ecc6939def6229635dff9,16
en_tn,v45,en_tn_32-JON.tsv,d4c898d4f240e857e45d81d5ff7bd330c0a918c6,17
en_tn,v13,en_tn_33-MIC.tsv,65680289e667d2edbea737156ad8ba811719a47d,1
en_tn,v14,en_tn_33-MIC.tsv,7154b3b31e67f964d51020efe1c92d84a1782615,2
en_tn,v17,en_tn_33-MIC.tsv,decc4f19dc6a1ed8e00f05acf6fe2f4eb167d5f5,3
en_tn,v29,en_tn_33-MIC.tsv,f8c6682b72d19d73c049835634630701ebaa81db,4
en_tn,v13,en_tn_34-NAM.tsv,73c4b7d6ff41f9fe893b16372f77c977971cd1a9,1
en_tn,v14,en_tn_34-NAM.tsv,b1bae44aa8d3014e065282d5a059f6de95689650,2
en_tn,v17,en_tn_34-NAM.tsv,bb5c40d819eb4baca655c3f8b8aa87506f4c6b4b,3
en_tn,v29,en_tn_34-NAM.tsv,a10097f26a7f025a799295193b9a403d8cc1e327,4
en_tn,v13,en_tn_35-HAB.tsv,9c29d6905a2efa0990c1c70b03f943691b6c1f01,1
en_tn,v14,en_tn_35-HAB.tsv,5097131e9854ca4ccac018c73d1166896bcc27a4,2
en_tn,v17,en_tn_35-HAB.tsv,c960d71fdc5e8ba76253de839568ffa80c7fd0cf,3
en_tn,v29,en_tn_35-HAB.tsv,6f7bb0ef95c126dc2cf3d3e8d89aa3ac83f1807a,4
en_tn,v13,en_tn_36-ZEP.tsv,a8fe2188cde67190a5e3bda101c3c482dfdcb938,1
en_tn,v14,en_tn_36-ZEP.tsv,9f453f843a80b8ebb38633b446fcbb31fd9dabcf,2
en_tn,v17,en_tn_36-ZEP.tsv,543c4c077b068c9272316c7c7a2a01aa0a4320c7,3
en_tn,v29,en_tn_36-ZEP.tsv,74249a40dc83db359944710458a03607469b4a5a,4
en_tn,v13,en_tn_37-HAG.tsv,fdc1c3ba57ffd6da0b55a73cb31b53cabb410f8b,1
en_tn,v14,en_tn_37-HAG.tsv,9e55d70a73eb1a9e906e52cf9bd196be45cfc701,2
en_tn,v17,en_tn_37-HAG.tsv,10f9d0d1f4e92d3074b9482e7259ea973ea88e9e,3
en_tn,v29,en_tn_37-HAG.tsv,3d9ef97a9f5ded465c19f2c50d730e67d9773514,4
en_tn,v13,en_tn_38-ZEC.tsv,6ccb506cda765a474f8df8f2ce2dcbecb50fb6bc,1
en_tn,v14,en_tn_38-ZEC.tsv,3a1216a4d4da07794dd7ef28f3360c0046ce57fa,2
en_tn,v17,en_tn_38-ZEC.tsv,2ab3d9d8c0c26427ad7b0648f67364f929f09348,3
en_tn,v20,en_tn_38-ZEC.tsv,bdc9ebd678dc4aa1ef978b7a04baad5ac7f89f74,4
en_tn,v29,en_tn_38-ZEC.tsv,a1c1ebf2273f231fc8e5f00d915b7764925aaf2d,5
en_tn,v13,en_tn_39-MAL.tsv,4e4f7c286c6b6b46d2df12659c7183ed68bbca32,1
en_tn,v14,en_tn_39-MAL.tsv,816ed373b472cc245e787e6b19e4a0fec8c1b00a,2
en_tn,v17,en_tn_39-MAL.tsv,5a5888181fde1db8c1314a7d77c2244961d25077,3
en_tn,v29,en_tn_39-MAL.tsv,b7f6747d18f52798a977353432d7e576d632ab35,4
en_tn,v13,en_tn_41-MAT.tsv,2da774cf5b24ae966bf655b7dec32d180f2ed784,1
en_tn,v14,en_tn_41-MAT.tsv,cdf5eff5b66082670bd7b6b45bf953a0d57d7ff4,2
en_tn,v15,en_tn_41-MAT.tsv,0c0eeb45888c71701e2ae3bfb9214fbef5897f65,3
en_tn,v16,en_tn_41-MAT.tsv,909d15b3966fee574c178f84f9cac61f4f3f22e7,4
en_tn,v17,en_tn_41-MAT.tsv,6580c5b3a33c7ca84c1f230b26207749a0487bde,5
en_tn,v20,en_tn_41-MAT.tsv,ac7ba64d897663be4691b7e8c330dcea0e5b1b26,6
en_tn,v22,en_tn_41-MAT.tsv,7eda95cea17170f202a117e10fe02ec672632d16,7
en_tn,v23,en_tn_41-MAT.tsv,6e81dfe94d12eea00d8a3aa84f88c391eb2edc46,8
en_tn,v29,en_tn_41-MAT.tsv,0c62e7b357934c54677125a2e40f51b0465bc819,9
en_tn,v46,en_tn_41-MAT.tsv,cf4208cb66601eba324242ef899653810071c950,10
en_tn,v13,en_tn_42-MRK.tsv,7536cf70754b2226459f67c1904bdccc40aae7e0,1
en_tn,v14,en_tn_42-MRK.tsv,6a754273cf88496a6e79873f7e4246d10cc90a41,2
en_tn,v15,en_tn_42-MRK.tsv,ada3852d0b9ae7dcb3dcbc4452ed8c7b3c29d3e8,3
en_tn,v16,en_tn_42-MRK.tsv,fdfaa9bda72d93c7c5fd059d7d175ebeb27dc22b,4
en_tn,v17,en_tn_42-MRK.tsv,0713545670c32e5046ae5e4cb13fc64d3db80838,5
en_tn,v20,en_tn_42-MRK.tsv,165c598c32e2d95dba1ef3640bb65c5c768dc5df,6
en_tn,v22,en_tn_42-MRK.tsv,3ce9acde9f957f15b0eefe26ad7eba918518d26d,7
en_tn,v29,en_tn_42-MRK.tsv,b75ec024f72da5a51596e368f5cb6965f5174bc5,8
en_tn,v46,en_tn_42-MRK.tsv,6ad52425db64a739cdcb9f6d2bc012f29f4f438f,9
en_tn,v13,en_tn_43-LUK.tsv,a50561004893374f71a71d655191e8dce4a72786,1
en_tn,v14,en_tn_43-LUK.tsv,e6c8d378009195fdd4ef35257a4f7aad1069df9b,2
en_tn,v15,en_tn_43-LUK.tsv,32e92183cd536067adbf986589e81d658fa275a5,3
en_tn,v16,en_tn_43-LUK.tsv,e3a77e9a32e6626956a324acaaf2190072d8b8e2,4
en_tn,v17,en_tn_43-LUK.tsv,73058ad825cab509953096bc8aac3b5c7cee643b,5
en_tn,v20,en_tn_43-LUK.tsv,37e7edd556f246829665b8a0136b53a09fbcbfe3,6
en_tn,v22,en_tn_43-LUK.tsv,988db4e06b4caeb8d5e5ce37696ceca35ec67b32,7
en_tn,v24,en_tn_43-LUK.tsv,9db676b9e447d11b3f22424482649d8bac7efa31,8
en_tn,v29,en_tn_43-LUK.tsv,c323cf22af8e8665a76bd4e8696ebdaf415614a3,9
en_tn,v32,en_tn_43-LUK.tsv,f83bc1b9e142b4cd0016ed3e91124589598f3b37,10
en_tn,v34,en_tn_43-LUK.tsv,0c46b765614ca89ef35cfa192dec39ab3bfe0e1a,11
en_tn,v45,en_tn_43-LUK.tsv,d10eda568c713799c527e7c710d5361d9d36808e,12
en_tn,v46,en_tn_43-LUK.tsv,52ded9479f41ca7b81567ad7877a257788ed034a,13
en_tn,v47,en_tn_43-LUK.tsv,3722b9dd2885ba3927a2ee62eff6e6695914ed24,14
en_tn,v13,en_tn_44-JHN.tsv,fdf7b993c4c67497e967ebf236f582448303f66e,1
en_tn,v14,en_tn_44-JHN.tsv,68e88a3074382437243b1b6427108350d75593bd,2
en_tn,v15,en_tn_44-JHN.tsv,2a130ba59cb9b72983c3cd19539e0055f08fcb57,3
en_tn,v16,en_tn_44-JHN.tsv,d0fc4c650cbc2a36c94ba7b092ae71f487c7e9e8,4
en_tn,v17,en_tn_44-JHN.tsv,097b27542012ff23c290e62f01bb297df420faec,5
en_tn,v22,en_tn_44-JHN.tsv,421f40fee508ea5bdfd293fee151feb0bf644438,6
en_tn,v29,en_tn_44-JHN.tsv,80e07202b4b30c3baabb5a93f264808ae58a485d,7
en_tn,v31,en_tn_44-JHN.tsv,858faa64a55aa373ce6392b9dc6ff8bb12b4b20f,8
en_tn,v35,en_tn_44-JHN.tsv,d8737993c0d0f682134f8bdc954b2bcec15cd5df,9
en_tn,v46,en_tn_44-JHN.tsv,8acf92aa8d25313ec26fe5c62bb7a2eaa045d844,10
en_tn,v13,en_tn_45-ACT.tsv,2bdad9f8808ea2cce6a2ed4b51fe2feee72d49d9,1
en_tn,v14,en_tn_45-ACT.tsv,ae1b4adfee0cff7d1f3a44df3e150bf556b3c496,2
en_tn,v15,en_tn_45-ACT.tsv,52f12325cfeb3c84c4754663abdfcb6dc7148d7e,3
en_tn,v16,en_tn_45-ACT.tsv,53daedb45fd212fd9a57bad7ebb7b2c730673d5d,4
en_tn,v17,en_tn_45-ACT.tsv,b0232a9f64d98865a45c4de35484a3214bf861b8,5
en_tn,v22,en_tn_45-ACT.tsv,be40da2e035856da80c912b7e260749e50d02197,6
en_tn,v29,en_tn_45-ACT.tsv,85f9091bd52b2183a9e1060040c68c2bba8c7a33,7
en_tn,v33,en_tn_45-ACT.tsv,3552f22ac0fd4ec44b366183862f0a16bfbe7975,8
en_tn,v35,en_tn_45-ACT.tsv,aa4c377e2944d8817fca8c506eafb6059c246692,9
en_tn,v46,en_tn_45-ACT.tsv,b115462a714a10d6c863c494ea2ca4a03ae3ee5f,10
en_tn,v13,en_tn_46-ROM.tsv,4ff42e2292d0ac6924fced6847cb298f94080bd0,1
en_tn,v14,en_tn_46-ROM.tsv,4b69e490338d474246e099ded7210ff3fc3b8a2f,2
en_tn,v15,en_tn_46-ROM.tsv,90c38d8678b9980a098b9e458885dade9780ef71,3
en_tn,v16,en_tn_46-ROM.tsv,62cc48c2a4c9483abc19ad62eee3b79746d40541,4
en_tn,v17,en_tn_46-ROM.tsv,a514559fd1a831b7b7de3ed8bc4552401c98333c,5
en_tn,v22,en_tn_46-ROM.tsv,0c4d871109224fa2b8199f525ebff43212b526f0,6
en_tn,v23,en_tn_46-ROM.tsv,d946f0d7117626690cdcafbd3b493a5a37919f44,7
en_tn,v29,en_tn_46-ROM.tsv,04f2360b4d8fb4c5fe15ae30ec416d6b21e94719,8
en_tn,v41,en_tn_46-ROM.tsv,8674be0195c5c08b6aa9dd8c15d323399943ecb5,9
en_tn,v46,en_tn_46-ROM.tsv,12c8dde8c45b173f1d822d892eb78c0ad6c2084e,10
en_tn,v13,en_tn_47-1CO.tsv,a38362d79f27734da3bcf6067a89506e51b0c4ab,1
en_tn,v14,en_tn_47-1CO.tsv,66578547421891fdec774a9bf26608b1a84c64a3,2
en_tn,v15,en_tn_47-1CO.tsv,bb4ec10c63a9e476ee837c0699cb9322f22fa1e7,3
en_tn,v16,en_tn_47-1CO.tsv,72673c42b002397f82dcb597d55785488ea8f555,4
en_tn,v17,en_tn_47-1CO.tsv,441651a0e57d1cbca7f53937c4e800d29a560ef7,5
en_tn,v22,en_tn_47-1CO.tsv,8a330880d359f9d5eac5ecb519a62a71012acaf4,6
en_tn,v29,en_tn_47-1CO.tsv,49a82f9f52b48bce09c57ba5edd50b5964cf8f53,7
en_tn,v46,en_tn_47-1CO.tsv,2ceac58ce7a3a558b293b4964ba17f3e9b8b3918,8
en_tn,v13,en_tn_48-2CO.tsv,6ab9cbec03a2f6e9b20c427be8a761051ae9c1af,1
en_tn,v14,en_tn_48-2CO.tsv,ea449d7aca21507727959f0adfd3716fd4f760bc,2
en_tn,v15,en_tn_48-2CO.tsv,ee2beaf326b6c72a3e188b6c02f2ad3cbf8f709a,3
en_tn,v16,en_tn_48-2CO.tsv,cdac9b9878a9a495c1cfda2c2cffd7cc248af1d6,4
en_tn,v17,en_tn_48-2CO.tsv,b3967c3f8f15e978b6b57b4375f799bb60d93fe3,5
en_tn,v29,en_tn_48-2CO.tsv,585b64d041dff8a1609fe7c468c894547750c288,6
en_tn,v41,en_tn_48-2CO.tsv,67e9e829b5cc7a8b3f63f1e7fdfe51fe1a139c66,7
en_tn,v46,en_tn_48-2CO.tsv,5fd55a1582c1f54b4ee6bb43fce35fde44223a14,8
en_tn,v13,en_tn_49-GAL.tsv,d127ea9fd80d806584f11c92c95dd10446188c8f,1
en_tn,v14,en_tn_49-GAL.tsv,dca2c8f74c3f36bb2c8293e0e040abba3cfef870,2
en_tn,v15,en_tn_49-GAL.tsv,e850856a6c546955b335528fb333578c8c46b0e0,3
en_tn,v16,en_tn_49-GAL.tsv,3fde52c4428e484fb0d6065063cfd8c6e6b829b0,4
en_tn,v17,en_tn_49-GAL.tsv,9cf8b7ba2105497758acc6b059716a5400758c42,5
en_tn,v24,en_tn_49-GAL.tsv,66c2591301da8b562e6e745ea77ee82e7fcf8501,6
en_tn,v29,en_tn_49-GAL.tsv,d313c6e378a9b727a4f0daa4e8bbc2ffdcb7d8b7,7
en_tn,v46,en_tn_49-GAL.tsv,262510e76fc28d28e6707c78b523178acbab087f,8
en_tn,v13,en_tn_50-EPH.tsv,134471a0cf75e624ab3b867e4105ff07f48896eb,1
en_tn,v14,en_tn_50-EPH.tsv,c79a0266f038ee307bbd99bf59d8ae91c46cd104,2
en_tn,v15,en_tn_50-EPH.tsv,1f8927ff323788cbfe9f7f97f15297defc7728df,3
en_tn,v16,en_tn_50-EPH.tsv,24eb23a45eef0739bf03453ecbe0904f630faf42,4
en_tn,v17,en_tn_50-EPH.tsv,dc6f47068f3f932c2962666cd64307006f7928c5,5
en_tn,v22,en_tn_50-EPH.tsv,0fa006b6c9baac010ca656705b7648c8d3f09fc7,6
en_tn,v29,en_tn_50-EPH.tsv,8e24df12b31b426861ff1bd1006d4518dfbc47fd,7
en_tn,v31,en_tn_50-EPH.tsv,06ffdc306d30500c1be7b324258aced95d98e3f2,8
en_tn,v32,en_tn_50-EPH.tsv,f7c62320510590e6d652d789a6e397dfb28820c9,9
en_tn,v33,en_tn_50-EPH.tsv,04ec4ffb942cadf91a255d86998d6e075d0c7b7d,10
en_tn,v35,en_tn_50-EPH.tsv,3a40010b5af76949c34cbb5964ea6a72f041c4d9,11
en_tn,v36,en_tn_50-EPH.tsv,32420dab21f639a5edf3ba119c8efd53e77f6505,12
en_tn,v37,en_tn_50-EPH.tsv,3d899f594a86ae2cf685b0e28a458f2ccd5f026b,13
en_tn,v39,en_tn_50-EPH.tsv,bf875c9cc712c42aef02319aeccd7b09a74eb75f,14
en_tn,v40,en_tn_50-EPH.tsv,c47b801c8f740a4571aafa81316f2dff24f634f0,15
en_tn,v43,en_tn_50-EPH.tsv,5a1e17884b0fa2743a43cdb35819b9708dabcb21,16
en_tn,v46,en_tn_50-EPH.tsv,9a476d0fe6f3ff2b74be8122a63c9b1551f16d05,17
en_tn,v13,en_tn_51-PHP.tsv,a25f45a4b0f7dd7ebcd11928c2d46028811887b7,1
en_tn,v14,en_tn_51-PHP.tsv,6d43e07d1b9032cb86cf4fd00ba23de48c47ed6e,2
en_tn,v15,en_tn_51-PHP.tsv,85bc661ff9d0e72be8e3660d015ed03b2a790578,3
en_tn,v17,en_tn_51-PHP.tsv,470ae26af2e9622f63fa1ad6051e202f4d5b72b1,4
en_tn,v23,en_tn_51-PHP.tsv,8ee8c502148d5776c09be7b671ea08918bdd7be1,5
en_tn,v29,en_tn_51-PHP.tsv,4de1722d31735160bec1346650a51faa48b2954c,6
en_tn,v46,en_tn_51-PHP.tsv,f2c51ef226f4f4d35329c0ff8a45b8be9571ec81,7
en_tn,v13,en_tn_52-COL.tsv,d72de7c496023f6ff386c35789385f46a28252e2,1
en_tn,v14,en_tn_52-COL.tsv,d148173af427a9d475223ac06fa8b3a62b9d79b6,2
en_tn,v15,en_tn_52-COL.tsv,3e787a6eb39c8c8b9c1a107197dbf95df4883505,3
en_tn,v16,en_tn_52-COL.tsv,7aee512afb3dd2d2ba8005bb7b758cf61305f8d6,4
en_tn,v17,en_tn_52-COL.tsv,49f5913f37152ffc3707fee71f72fc6a46da7f16,5
en_tn,v29,en_tn_52-COL.tsv,1626f829dea653ad83236ad0b1278848430701e4,6
en_tn,v46,en_tn_52-COL.tsv,f2a56698c6d110ccd60dba4a4a9953dea3eabdb1,7
en_tn,v13,en_tn_53-1TH.tsv,21d0f054f2e34b24752dad69be28a0449cf27b6b,1
en_tn,v14,en_tn_53-1TH.tsv,ba00a61237b754a04829abcb650445fdec35cf91,2
en_tn,v15,en_tn_53-1TH.tsv,4cfd7fe6b28cce5713bd7cfa640b80940a4e65f6,3
en_tn,v16,en_tn_53-1TH.tsv,89db9f646bd769d96c69ad348510a80ffafef2e6,4
en_tn,v17,en_tn_53-1TH.tsv,1a8c3ac8a7c3272f029b1c8e6f167aa6866412d7,5
en_tn,v29,en_tn_53-1TH.tsv,bd47fa39c5513119822ebb55809f3d401a52e5ce,6
en_tn,v46,en_tn_53-1TH.tsv,9b58456912b28577994108547022b4b1d18fa465,7
en_tn,v13,en_tn_54-2TH.tsv,e9f3699d597cab7c1f33e0569d75da0fd7b3861c,1
en_tn,v14,en_tn_54-2TH.tsv,6756fd21b4310568055f94bdf99a4d61d735952b,2
en_tn,v15,en_tn_54-2TH.tsv,2e63faf3631ce3f178a089b26c6449a73860953d,3
en_tn,v17,en_tn_54-2TH.tsv,cd1f48729ed2ac9f7a259830bc40666071a1ba8e,4
en_tn,v29,en_tn_54-2TH.tsv,241fada2608b59da3894f45503abd795fb9cb234,5
en_tn,v46,en_tn_54-2TH.tsv,01660eec0c6cda0a2e56cc21b973c46bbe563d3a,6
en_tn,v13,en_tn_55-1TI.tsv,67e0c107eaed97e16e15f1af219287c84da8d073,1
en_tn,v14,en_tn_55-1TI.tsv,260f757bb50fedae55703bb5aa50d31dc139fe99,2
en_tn,v15,en_tn_55-1TI.tsv,b774e431ad8bb0b2aae6874f608c5e44f36e44be,3
en_tn,v16,en_tn_55-1TI.tsv,f490fb2d42365395a1837c263b754e8548544b35,4
en_tn,v17,en_tn_55-1TI.tsv,369e5326ef4d6502d110d12b9641ff14b3eaa12a,5
en_tn,v29,en_tn_55-1TI.tsv,65a4a244b183bbc94b5ede7e78023020c635b866,6
en_tn,v34,en_tn_55-1TI.tsv,8a84ce0e36bb6e2a088df5286700b46e578d18f1,7
en_tn,v35,en_tn_55-1TI.tsv,bd31928d850a9bfc60c55e19864b5be9c888ed2a,8
en_tn,v37,en_tn_55-1TI.tsv,8de0182b1160814e0396ac9cf4fae136701910ab,9
en_tn,v38,en_tn_55-1TI.tsv,7a123f64e18886e2c865ac4e185d044907d4c80f,10
en_tn,v41,en_tn_55-1TI.tsv,c290e21dd06d9545c8b38e3622235f9e8fc76835,11
en_tn,v45,en_tn_55-1TI.tsv,a56350ac8713a80011ffc2f06559f760a6b7b1ac,12
en_tn,v46,en_tn_55-1TI.tsv,db4ac2d8aa1c89db86851bfbfc0fc9196dfcd214,13
en_tn,v13,en_tn_56-2TI.tsv,97f30afd0480fb39438915102961646b82ec22af,1
en_tn,v14,en_tn_56-2TI.tsv,f0c4ca000db0476f994d3e24b5731d6aa69cea4e,2
en_tn,v15,en_tn_56-2TI.tsv,9d4164f4caafaee095d8717856f57a16700650fe,3
en_tn,v17,en_tn_56-2TI.tsv,6e997fa56766185fcdab2bd9de0712c25d3a9fb6,4
en_tn,v29,en_tn_56-2TI.tsv,6f8877dff23559946af29b5b0b78f5a54a017d8a,5
en_tn,v37,en_tn_56-2TI.tsv,0fcfd71c14759407dca6c8c7193186fadfc3adbd,6
en_tn,v38,en_tn_56-2TI.tsv,a7b433fca94142cb560794bde540250753acacaa,7
en_tn,v39,en_tn_56-2TI.tsv,1ef2bfab2f6e34f0f92f46c01aa76c2a5fdb24bd,8
en_tn,v43,en_tn_56-2TI.tsv,5b7ff609f2006aedc906a72e49440c7c473542f4,9
en_tn,v45,en_tn_56-2TI.tsv,f618a2d89395005ba460a281277fdee1bcf126ee,10
en_tn,v46,en_tn_56-2TI.tsv,46a9568022a3b03e5d7ca4a1865cc8de67bd3f77,11
en_tn,v13,en_tn_57-TIT.tsv,d19b7779ffb7f4724da1a06385320da6244902f6,1
en_tn,v14,en_tn_57-TIT.tsv,7451c9335844570ac8eca86fb94ad9801b0c6ede,2
en_tn,v15,en_tn_57-TIT.tsv,d8cd8839cb2e5dad242862eef9b1f570eba4a30f,3
en_tn,v16,en_tn_57-TIT.tsv,ed085fb878adb619c058c39190dbcec9dff0af98,4
en_tn,v17,en_tn_57-TIT.tsv,05e47689ead5485fd6e9f90402ae131a366ba560,5
en_tn,v18,en_tn_57-TIT.tsv,cde48f213880f053df103922b0f9b980a22e7102,6
en_tn,v19,en_tn_57-TIT.tsv,3bdc5d1481d2cfb64c769fc108cb57f2280cb075,7
en_tn,v22,en_tn_57-TIT.tsv,b3db66141b4a8a6817fdcc572b334bf866c3b06e,8
en_tn,v23,en_tn_57-TIT.tsv,a1966486dd01c3436c77160a8623458789eda7ca,9
en_tn,v24,en_tn_57-TIT.tsv,3aa96292cb2ce93e1bd73af63e994cef0f2d583f,10
en_tn,v27,en_tn_57-TIT.tsv,92502fb0f7082385f5818014c7dd90a15cf36dd2,11
en_tn,v29,en_tn_57-TIT.tsv,1af71acf0b0443c5f0dc6357d6ae70cd53cfb557,12
en_tn,v31,en_tn_57-TIT.tsv,a5f917b02f96f8dd233a02f4f8d1c27dc245f527,13
en_tn,v33,en_tn_57-TIT.tsv,7372e0d89b19e58a5b241ac4616bf710107f927e,14
en_tn,v34,en_tn_57-TIT.tsv,03ce7a3c3ac8a083ff46c500967324917b84d4e0,15
en_tn,v35,en_tn_57-TIT.tsv,7fcd5253ef7da9737ea736b132e689ad6e822e66,16
en_tn,v36,en_tn_57-TIT.tsv,c548ddbae4a8e53b61d5a49e185fbe83e2b3a4fb,17
en_tn,v39,en_tn_57-TIT.tsv,cdb957b373e3dc79bcebf3b94214b483adf9c55b,18
en_tn,v45,en_tn_57-TIT.tsv,878176ae9e15975774cdcab3753acc1276082d44,19
en_tn,v46,en_tn_57-TIT.tsv,fcf03e75dc7365b6c24fc00e5625af4312724349,20
en_tn,v47,en_tn_57-TIT.tsv,cbc5ef689d2c4b5a2f4f156570c3bb3c8f4be021,21
en_tn,v13,en_tn_58-PHM.tsv,f8d0e615703dc94dee2555decc0e5c7863753bc9,1
en_tn,v14,en_tn_58-PHM.tsv,004854215fa15687b88e4c4e288f6f5e32de467d,2
en_tn,v15,en_tn_58-PHM.tsv,104bbdd038b61af98b69070b99e9e938642b1d9b,3
en_tn,v17,en_tn_58-PHM.tsv,b40b2d2e9e436bcb229a28617a56a85580eebff3,4
en_tn,v29,en_tn_58-PHM.tsv,f5c11eda19466737d058f8d6256ac196f842f09b,5
en_tn,v46,en_tn_58-PHM.tsv,518ad9f1430f78697786ae458274f77163b6d2d4,6
en_tn,v13,en_tn_59-HEB.tsv,a4dd1b6a2b8190db246c3c91d412dcfc65ac3cc9,1
en_tn,v14,en_tn_59-HEB.tsv,64caf042180f29564b2852daa3625bbaba9a022d,2
en_tn,v15,en_tn_59-HEB.tsv,3a3f1892705153d95be1d34e6410821dfd8cef5a,3
en_tn,v16,en_tn_59-HEB.tsv,886a90d7734cca1c85682582b7b434cd48146158,4
en_tn,v17,en_tn_59-HEB.tsv,c9933c51aca246aebafc59a92e6276c16d9a136b,5
en_tn,v20,en_tn_59-HEB.tsv,bb4d9506b861bee61f3768eb720b06b8f5f47f9c,6
en_tn,v22,en_tn_59-HEB.tsv,d5a2709fff699f9beb5d094f2de3e20d62ce8efd,7
en_tn,v29,en_tn_59-HEB.tsv,249c0c134b5a2af89bdc899beb7fa9c592dd242e,8
en_tn,v46,en_tn_59-HEB.tsv,405f14da58bfdf27c271df467d3a3f21905fe5df,9
en_tn,v13,en_tn_60-JAS.tsv,4246462718d66808ab094a569b00549186fdc328,1
en_tn,v14,en_tn_60-JAS.tsv,4b652e6bb996656818f52414e6a24645d5f3c132,2
en_tn,v15,en_tn_60-JAS.tsv,94af60edb4528ab55da1a8b5b55afcc1d2cad4d7,3
en_tn,v16,en_tn_60-JAS.tsv,60a73b2cd6b5ccaaaab169535b990c8517165e42,4
en_tn,v17,en_tn_60-JAS.tsv,52138dea77564d15fb1f8b9421bb988bce959c5c,5
en_tn,v29,en_tn_60-JAS.tsv,c05c5d14a0568d4522505a1e8d8a44ffe9e60e68,6
en_tn,v46,en_tn_60-JAS.tsv,d39170181223a6b768769037a9f2a3431922b352,7
en_tn,v13,en_tn_61-1PE.tsv,9f28e4475dbbb29127e781b9bc0d6386bc0c95e3,1
en_tn,v14,en_tn_61-1PE.tsv,e41c3f39ec1f165dd05d61cc23e257cead2aa49d,2
en_tn,v15,en_tn_61-1PE.tsv,930d3cdd6b96662c39dc3ddbfd385421778e53a0,3
en_tn,v16,en_tn_61-1PE.tsv,d64b0a49a0ba8373a2fa9cdee2893a2f89d333e8,4
en_tn,v17,en_tn_61-1PE.tsv,4fd9a0b5ee8aca4395c6e2fa56942acd407f1b0c,5
en_tn,v22,en_tn_61-1PE.tsv,896201f86e5e0814ff49c4fd4f0357bd049f3c9b,6
en_tn,v23,en_tn_61-1PE.tsv,bfdfc37ba4ddb2da680e820a38dadd43bd15cc5f,7
en_tn,v29,en_tn_61-1PE.tsv,6d82cf9dfadc76b20fd65f533c80bc900a55410b,8
en_tn,v46,en_tn_61-1PE.tsv,1c7af3f839222b398f9e4ff70ca24e6dd2b70f75,9
en_tn,v13,en_tn_62-2PE.tsv,ccad1fa278900d09ff8c819b5cc8565e95e0afb0,1
en_tn,v14,en_tn_62-2PE.tsv,ad4c023abeb11ebb0fee78871f4db9a937df076c,2
en_tn,v15,en_tn_62-2PE.tsv,441c805b487c9a3a65526d5d3b8fac12253ea076,3
en_tn,v16,en_tn_62-2PE.tsv,4c0bc04e7f811d5acecdcaf02e2101354b3b11b1,4
en_tn,v17,en_tn_62-2PE.tsv,01e941dee2e80f35b139aae9cc73f4d5a3b7127f,5
en_tn,v29,en_tn_62-2PE.tsv,164ec37397d1b012020479c3846df351babfe192,6
en_tn,v46,en_tn_62-2PE.tsv,6e8a73941368034ef6b3d20f4748338e01fe3171,7
en_tn,v13,en_tn_63-1JN.tsv,2d8f0ad08ad2dc68ab56216a6a300b40a33cc7ca,1
en_tn,v14,en_tn_63-1JN.tsv,b03eed19e9050e6ce45aa26d2f05d4e35e5fd38d,2
en_tn,v15,en_tn_63-1JN.tsv,44eae8d2d603dc5706925bc24dd65a0247c2ab56,3
en_tn,v16,en_tn_63-1JN.tsv,39429f2818f1e47dfe914e22d87ec4d5cac008f2,4
en_tn,v17,en_tn_63-1JN.tsv,a3c7d6a642b132e4be78e2d94426b8178b138fd1,5
en_tn,v29,en_tn_63-1JN.tsv,2bc6132a8d8d82519556dfcfac0d3d7b4964a3fe,6
en_tn,v45,en_tn_63-1JN.tsv,91aa992e3195bccbe862b45c0ef74dcd68373696,7
en_tn,v46,en_tn_63-1JN.tsv,f5fc7460ea6aa5a3113eb7da9b1e706d8b93dbbd,8
en_tn,v47,en_tn_63-1JN.tsv,a53be55552bc2b66f1d8609f1cefbae804d73c31,9
en_tn,v13,en_tn_64-2JN.tsv,08f16e772ed364ff1dca6093c240b1b08d72f7f1,1
en_tn,v14,en_tn_64-2JN.tsv,da03e143d31718741763c1c942370ab2d651ae98,2
en_tn,v15,en_tn_64-2JN.tsv,af7af347a6d2d3dd07bf4d3effeb920265dd0901,3
en_tn,v17,en_tn_64-2JN.tsv,ddd9805faab7d1ed00a1b54951f13a122d6143fc,4
en_tn,v29,en_tn_64-2JN.tsv,97ef82a0b71d5ea50cf83427fcc5fc672210f2a1,5
en_tn,v41,en_tn_64-2JN.tsv,d34aff318ed3eb63e4a7d32eb3377305372cab08,6
en_tn,v42,en_tn_64-2JN.tsv,c5ef8393c16ba715d39780b7fedf050beafde35a,7
en_tn,v45,en_tn_64-2JN.tsv,5264e0519d18b4ad1b389799690893d93726f493,8
en_tn,v46,en_tn_64-2JN.tsv,0f24bb3b1ef2e8524fe3d4896c9b74779d22053f,9
en_tn,v13,en_tn_65-3JN.tsv,1fcfbf5235ff3abe195d4994110f91e97fb168fb,1
en_tn,v14,en_tn_65-3JN.tsv,f6d678e9ae00e916b0507cc9c36342c646e3763f,2
en_tn,v15,en_tn_65-3JN.tsv,70e7fd2d56c96fcb4a97dcfae41edbfe63f9d65d,3
en_tn,v17,en_tn_65-3JN.tsv,558f0bdc60189bd8d690cd17d1999ecff8146e44,4
en_tn,v24,en_tn_65-3JN.tsv,73e9460a6652319f12a49c99f89128eecaf68a56,5
en_tn,v29,en_tn_65-3JN.tsv,6035d63d831814569cd56ff31ec42ef4669f5f0c,6
en_tn,v31,en_tn_65-3JN.tsv,d81d54090abec7f28dc3e927a3bf68ecabb71e84,7
en_tn,v33,en_tn_65-3JN.tsv,b82c2bb1ed513b41dfd1f786a8ba67336f1d307f,8
en_tn,v34,en_tn_65-3JN.tsv,e0707d9de7d3cf57a2b92b1c8254b5ad3c32326f,9
en_tn,v35,en_tn_65-3JN.tsv,e39f9d6ec9982c98c0ea60d15533b2f37816067e,10
en_tn,v36,en_tn_65-3JN.tsv,387387ccd0f69043bc4b74a0b5881b1c30671c59,11
en_tn,v37,en_tn_65-3JN.tsv,201c9424d93c3c113d53b44c45e1e7a94a3333ec,12
en_tn,v38,en_tn_65-3JN.tsv,8881fca762d724f4981c658969e6366dc180fb4c,13
en_tn,v39,en_tn_65-3JN.tsv,f601abfad8a79461a13e25d3838cadcede3ec5c6,14
en_tn,v40,en_tn_65-3JN.tsv,d76b694c8e595cfd69fb18d35cd708fe3d9b755e,15
en_tn,v46,en_tn_65-3JN.tsv,546a025a905c1aec8a26086a6d8ffd72baf215cd,16
en_tn,v13,en_tn_66-JUD.tsv,74d43f735f252508228a17d9d47a7cc96c61ef1d,1
en_tn,v14,en_tn_66-JUD.tsv,489b422541ada13da246c08f6d32fabb1ae54691,2
en_tn,v15,en_tn_66-JUD.tsv,9c71dd435609169858d9b0cc6f2ff163307fd077,3
en_tn,v16,en_tn_66-JUD.tsv,1e5c30af95267a7fcf00b87917b7c5f19a7d3779,4
en_tn,v17,en_tn_66-JUD.tsv,5c68961db508f345a67e1d3bbdaf303bf3bb1369,5
en_tn,v29,en_tn_66-JUD.tsv,c91562c9a78609ed811821213899b0166a4a97b7,6
en_tn,v46,en_tn_66-JUD.tsv,24acf79d074b09d3c2e16840eb649bcbf95f43d7,7
en_tn,v13,en_tn_67-REV.tsv,53d68365e4dbd6662130414cbf100bb93324bd8f,1
en_tn,v14,en_tn_67-REV.tsv,dd730c51a414bcb0687423d8cd871128d90a5325,2
en_tn,v15,en_tn_67-REV.tsv,cad42a319dd4ea21a63a273d577e4ec7b883398c,3
en_tn,v16,en_tn_67-REV.tsv,5aa67c9a984be1cf3c33b262c05e52105ecc6d2c,4
en_tn,v17,en_tn_67-REV.tsv,7db4e7efe3593dfe817be7f67707038326e463ea,5
en_tn,v29,en_tn_67-REV.tsv,552b8f6710a0a8e6864ed0dc4fa39687b564c490,6
en_tn,v46,en_tn_67-REV.tsv,10bbf8d9d07be17af1072db8e0cd0601da1cae1d,7
